num_stocks,max_stock_weight,top3_concentration,total_weight_drift,portfolio_return,portfolio_volatility,sector_concentration,days_since_last_rebalance,market_return_30d,market_volatility_30d,market_drawdown_90d,market_trend,rebalancing_label
3.0,0.49305645003343046,1.0,0.46707937736323113,0.2148646842473433,0.0020309057169404423,0.9002063553482822,49.0,0.04401852858169586,0.008523635873615173,-0.14277787946734993,1.0,1
6.0,0.6513770506941309,0.8825666270739732,0.989131781300886,0.22780194846520488,0.013090205156966427,0.6748862725705242,136.0,0.04401852858169586,0.008523635873615173,-0.14277787946734993,1.0,1
3.0,0.4863720860327651,1.0,0.3060775053988635,0.047216759546855266,0.02580959339092608,0.5136279139672348,64.0,0.04401852858169586,0.008523635873615173,-0.14277787946734993,1.0,1
8.0,0.28236368583509613,0.6870653983056005,0.6241307966112011,0.0749960862172454,0.016837934379788227,0.45618260479048645,45.0,0.04401852858169586,0.008523635873615173,-0.14277787946734993,1.0,0
3.0,0.5148685731719391,1.0,0.5401508168693205,0.0663633355158096,0.013046015506220407,0.5148685731719391,152.0,0.04401852858169586,0.008523635873615173,-0.14277787946734993,1.0,1
7.0,0.6284419840716181,0.8945528210458221,1.0840102154746847,0.05530072526293528,0.016272892144364476,0.6952754116658121,10.0,0.04401852858169586,0.008523635873615173,-0.14277787946734993,1.0,1
3.0,0.5547795121379081,1.0,0.4428923576091495,0.12109319452890185,0.02936421260140718,0.5547795121379081,122.0,0.04401852858169586,0.008523635873615173,-0.14277787946734993,1.0,1
4.0,0.4109798235712877,0.8911277349776447,0.4687281282186009,0.11354703623076465,0.008665311102779833,0.8432363291316557,40.0,0.04401852858169586,0.008523635873615173,-0.14277787946734993,1.0,1
3.0,0.5837028966052,1.0,0.5007391265437333,0.06096844184147753,0.004954281672098241,0.9012141369095026,67.0,0.04401852858169586,0.008523635873615173,-0.14277787946734993,1.0,1
8.0,0.28395060293242436,0.5690337329861184,0.40208774349483367,0.09241185320977738,0.021989044353464195,0.5045891612551989,120.0,0.04401852858169586,0.008523635873615173,-0.14277787946734993,1.0,0
3.0,0.5005817890379637,1.0,0.3600507907433701,0.13508949608324233,0.011315516491953543,0.5005817890379637,62.0,0.04401852858169586,0.008523635873615173,-0.14277787946734993,1.0,1
9.0,0.3171234974747342,0.7553019578361011,0.8439372490055356,0.1306639685843517,0.004226518335263676,0.3171234974747342,188.0,0.04401852858169586,0.008523635873615173,-0.14277787946734993,1.0,0
8.0,0.3245389845264437,0.7439753925327633,0.7386395904981584,0.09984886257209644,0.01126334368595532,0.4976586720975853,68.0,0.04401852858169586,0.008523635873615173,-0.14277787946734993,1.0,0
4.0,0.7077258651431407,0.9179695576274189,0.9154517302862815,-0.07234603029392198,0.006290293012147848,0.7897563075157219,152.0,0.04401852858169586,0.008523635873615173,-0.14277787946734993,1.0,1
7.0,0.5477290109775907,0.8513632618855694,0.9153420197041102,0.12107256717583605,0.02211522978807593,0.5906897794516364,55.0,0.04401852858169586,0.008523635873615173,-0.14277787946734993,1.0,1
8.0,0.4460814586961261,0.8850251582264423,1.0200503164528847,0.040728107102950814,0.030703919936682693,0.5150879912771248,86.0,0.04401852858169586,0.008523635873615173,-0.14277787946734993,1.0,1
9.0,0.35514711349499495,0.6926005951520561,0.76244464753734,0.0835699523393637,0.01007657156267634,0.6386746823272595,122.0,0.04401852858169586,0.008523635873615173,-0.14277787946734993,1.0,1
8.0,0.2912065005295138,0.6708069876504665,0.5916139753009331,0.0667558198255964,0.01817929706115472,0.4459341671002908,193.0,0.04401852858169586,0.008523635873615173,-0.14277787946734993,1.0,0
7.0,0.33685946984699133,0.7868862883713543,0.7197508066603902,0.14535052770260293,0.027244003985674323,0.33685946984699133,91.0,0.04401852858169586,0.008523635873615173,-0.14277787946734993,1.0,0
8.0,0.2398257596652339,0.5700784297713533,0.45522805769265795,0.0729402082306376,0.02653555173775249,0.6864609350119736,79.0,0.04401852858169586,0.008523635873615173,-0.14277787946734993,1.0,0
4.0,0.4982751012444123,0.9392291429889629,0.4965502024888246,0.1040044978279848,0.00853674280343446,0.5590459582554496,91.0,0.04401852858169586,0.008523635873615173,-0.14277787946734993,1.0,1
3.0,0.4333512860615933,1.0,0.21416822787248976,-0.03286099371171371,0.01311007712350896,0.7737507806029116,175.0,0.04401852858169586,0.008523635873615173,-0.14277787946734993,1.0,1
6.0,0.26394737571410837,0.710937853902588,0.4262310589160302,0.12487387032462385,0.020458079237380845,0.27208797189047185,162.0,0.04401852858169586,0.008523635873615173,-0.14277787946734993,1.0,0
8.0,0.39151592003565105,0.7707518858625033,0.8112233960318402,0.09605060797385939,0.034352302508430056,0.8203376415375707,58.0,0.04401852858169586,0.008523635873615173,-0.14277787946734993,1.0,1
4.0,0.5069774541572875,0.9337156250863987,0.5285305571237193,0.19500756794855206,0.00412915203793749,0.5069774541572875,55.0,0.04401852858169586,0.008523635873615173,-0.14277787946734993,1.0,1
5.0,0.5060199886304576,0.8824523448700949,0.7204265801488496,0.04070608313137349,0.012645663575103196,0.5060199886304576,155.0,0.04401852858169586,0.008523635873615173,-0.14277787946734993,1.0,1
8.0,0.2646980439439682,0.6321592902797759,0.5203589406311624,0.0954036487872327,0.01959568599483811,0.38015587302860443,42.0,0.04401852858169586,0.008523635873615173,-0.14277787946734993,1.0,0
3.0,0.5462933355888023,1.0,0.497935975032567,0.0404884749284275,0.00652036298056429,0.5462933355888023,177.0,0.04401852858169586,0.008523635873615173,-0.14277787946734993,1.0,1
3.0,0.55674138730625,1.0,0.5659506405442598,0.05908380434942371,0.0056649422127834125,0.55674138730625,118.0,0.04401852858169586,0.008523635873615173,-0.14277787946734993,1.0,1
8.0,0.4821818063522879,0.7303826924502409,0.7165989024204097,0.13599136804554904,0.02105961735372297,0.6238620425108765,76.0,0.04401852858169586,0.008523635873615173,-0.14277787946734993,1.0,1
7.0,0.2471792670242868,0.6838105432116302,0.6545713361392793,-0.017181684905154225,0.02890991704852935,0.46550208933250503,151.0,0.04401852858169586,0.008523635873615173,-0.14277787946734993,1.0,0
6.0,0.4932428251785789,0.7971539580172031,0.6531523170238245,0.1539037564580827,0.012300560723071572,0.7241532517867921,120.0,0.04401852858169586,0.008523635873615173,-0.14277787946734993,1.0,1
3.0,0.5190508506825698,1.0,0.559449064271407,0.018923023186840887,0.023512741793979393,0.5190508506825698,192.0,0.04401852858169586,0.008523635873615173,-0.14277787946734993,1.0,1
9.0,0.21025678538123663,0.5384549989135635,0.4664647698823935,0.10088160392092646,0.008874269489072422,0.4218702158752122,59.0,0.04401852858169586,0.008523635873615173,-0.14277787946734993,1.0,0
7.0,0.24027750941504336,0.5876533002872478,0.31816374343163834,-0.08190031037416723,0.008265216090987253,0.2814338552312773,80.0,0.04401852858169586,0.008523635873615173,-0.14277787946734993,1.0,0
4.0,0.4664101463992075,0.8583017791170671,0.432820292798415,0.1951033604962266,0.009719650697059897,0.8583017791170671,61.0,0.04401852858169586,0.008523635873615173,-0.14277787946734993,1.0,1
6.0,0.3009545882514138,0.7201278873491423,0.44025577469828453,0.04617092174533466,0.005030138727406835,0.3009545882514138,181.0,0.04401852858169586,0.008523635873615173,-0.14277787946734993,1.0,0
7.0,0.3470141902193136,0.7887705198201375,0.7884965941985773,0.07204050208460507,0.02683159999081498,0.4558221272258767,160.0,0.04401852858169586,0.008523635873615173,-0.14277787946734993,1.0,0
4.0,0.4219392233574812,0.8474438436646083,0.34387844671496237,0.10128885242419393,0.006452297078993395,0.7646397992259466,50.0,0.04401852858169586,0.008523635873615173,-0.14277787946734993,1.0,1
5.0,0.29433581147595494,0.7537606251717728,0.3075212503435455,0.11843213407212151,0.008837902052370502,0.4092024470071853,55.0,0.04401852858169586,0.008523635873615173,-0.14277787946734993,1.0,0
3.0,0.5007260530296747,1.0,0.5343526692410059,-0.13834102402991927,0.005769480759750948,0.5668830517425051,30.0,0.04401852858169586,0.008523635873615173,-0.14277787946734993,1.0,1
5.0,0.3866049542051261,0.8199931724237008,0.47496116304779734,0.22655800106303686,0.010145877479839874,0.5666117817814252,189.0,0.04401852858169586,0.008523635873615173,-0.14277787946734993,1.0,1
5.0,0.4376662792228083,0.9197863578260683,0.8038848314523197,-0.05181570225676465,0.002542429321537176,0.555510221322717,79.0,0.04401852858169586,0.008523635873615173,-0.14277787946734993,1.0,1
5.0,0.47331677051040594,0.898281688842246,0.7955920040452977,-0.07542710566472682,0.015499174739476342,0.5738024573300031,82.0,0.04401852858169586,0.008523635873615173,-0.14277787946734993,1.0,1
9.0,0.2820961845050451,0.6248142975776501,0.6342146507276252,0.07836559603368434,0.008571338073920132,0.30733675066149824,27.0,0.04401852858169586,0.008523635873615173,-0.14277787946734993,1.0,0
3.0,0.6041990074601602,1.0,0.5417313482536537,0.15932381283938232,0.0034446551358778706,0.6041990074601602,99.0,0.04401852858169586,0.008523635873615173,-0.14277787946734993,1.0,1
8.0,0.2618398288060071,0.6316367338392205,0.5461529768232855,-0.04463232115298655,0.011890228060442789,0.45672686989825373,45.0,0.04401852858169586,0.008523635873615173,-0.14277787946734993,1.0,0
9.0,0.22446754574184416,0.5504958698997704,0.5075338650407614,-0.006267114640371763,0.027919347558577688,0.4663684628119265,59.0,0.04401852858169586,0.008523635873615173,-0.14277787946734993,1.0,0
8.0,0.18708070173852698,0.515217964649876,0.2833705185813643,0.20871830291808868,0.003413798422135575,0.4736441567075872,96.0,0.04401852858169586,0.008523635873615173,-0.14277787946734993,1.0,0
4.0,0.3597646181206057,0.904333757046932,0.35252291029969796,-0.001453029004976892,0.019479988414751005,0.6762614551498489,71.0,0.04401852858169586,0.008523635873615173,-0.14277787946734993,1.0,1
3.0,0.5196475760647449,1.0,0.3726284854628231,0.18037484839062365,0.015829386584294322,0.6939134665973212,46.0,0.04401852858169586,0.008523635873615173,-0.14277787946734993,1.0,1
6.0,0.40584614283117987,0.846786898209309,0.7664538963621602,0.1254376908317364,0.005765302256915506,0.7499798159876108,177.0,0.04401852858169586,0.008523635873615173,-0.14277787946734993,1.0,1
4.0,0.5511466694453241,0.9892229091056455,0.6022933388906481,-0.01933210871423259,0.03870263433510477,0.5619237603396786,119.0,0.04401852858169586,0.008523635873615173,-0.14277787946734993,1.0,1
6.0,0.3555385581789106,0.8157645767614568,0.7291986984167941,0.05268380964977639,0.004493200237215109,0.6409934450519149,130.0,0.04401852858169586,0.008523635873615173,-0.14277787946734993,1.0,1
6.0,0.34445323048692056,0.8921170309556739,0.7842340619113477,-0.08578609868063942,0.0066173698843310326,0.35163114753293595,33.0,0.04401852858169586,0.008523635873615173,-0.14277787946734993,1.0,0
6.0,0.26632051452769767,0.682193360948907,0.3643867218978142,0.1908673277441968,0.005060658220425233,0.33379696366501704,134.0,0.04401852858169586,0.008523635873615173,-0.14277787946734993,1.0,0
7.0,0.2042435864125781,0.587952896291422,0.3187629354399867,0.09125068132250688,0.025523695477495906,0.48265512986222714,101.0,0.04401852858169586,0.008523635873615173,-0.14277787946734993,1.0,0
6.0,0.4525635093147203,0.855868125892514,0.7762469811964556,0.09279093242068093,0.010417903704350303,0.9123470742217119,15.0,0.04401852858169586,0.008523635873615173,-0.14277787946734993,1.0,1
6.0,0.40924096368266405,0.8459857956401216,0.6919715912802431,0.16928227592527173,0.007193664319945841,0.5869362436081003,43.0,0.04401852858169586,0.008523635873615173,-0.14277787946734993,1.0,1
3.0,0.6335261718714449,1.0,0.600385677076223,0.29440748345161055,3.9880545342270756e-06,0.6335261718714449,45.0,0.04401852858169586,0.008523635873615173,-0.14277787946734993,1.0,1
7.0,0.3970537928054853,0.7845324031662722,0.7119219491896871,0.19993080113158387,0.01268837619924352,0.7167912487059231,77.0,0.04401852858169586,0.008523635873615173,-0.14277787946734993,1.0,1
5.0,0.7925298675894648,0.9438433215528345,1.1850597351789296,0.06668051387697009,0.0048513139452355,0.8290737002688844,195.0,0.04401852858169586,0.008523635873615173,-0.14277787946734993,1.0,1
7.0,0.4065263695486133,0.8351777323860043,0.8132126076291515,0.10888337555370761,0.016046270931811334,0.643546471038424,167.0,0.04401852858169586,0.008523635873615173,-0.14277787946734993,1.0,1
5.0,0.41378570285311606,0.8869647478447813,0.5739294956895623,0.08401716157035918,0.022742410292316946,0.6251104689388131,27.0,0.04401852858169586,0.008523635873615173,-0.14277787946734993,1.0,1
5.0,0.32377088695004075,0.7896844632029887,0.3793689264059773,0.17015986367947217,0.013871152511146028,0.4766992828975306,163.0,0.04401852858169586,0.008523635873615173,-0.14277787946734993,1.0,0
3.0,0.8502416735786443,1.0,1.033816680490622,-0.0029499483682339828,0.0001805764766107621,0.8502416735786443,49.0,0.04401852858169586,0.008523635873615173,-0.14277787946734993,1.0,1
8.0,0.5029200641547772,0.780692817352008,0.8316045383069647,0.09861359613266009,0.020623879325674957,0.711412264491267,166.0,0.04401852858169586,0.008523635873615173,-0.14277787946734993,1.0,1
5.0,0.445122345310844,0.9443408367399836,0.688681673479967,0.10573208608888393,0.017177981612623364,0.7062401974727952,68.0,0.04401852858169586,0.008523635873615173,-0.14277787946734993,1.0,1
9.0,0.2829654148687227,0.6790137432179333,0.7528401526143684,0.1496214018665871,0.0017756402627987623,0.4793295604069733,40.0,0.04401852858169586,0.008523635873615173,-0.14277787946734993,1.0,0
3.0,0.8046454129900107,1.0,0.9426241593133549,0.09245162836364884,0.0010289563874948564,0.8046454129900107,151.0,0.04401852858169586,0.008523635873615173,-0.14277787946734993,1.0,1
3.0,0.6587440732440962,1.0,0.6508214798215257,0.2098753987595669,0.001385838651109157,0.9844992673580477,193.0,0.04401852858169586,0.008523635873615173,-0.14277787946734993,1.0,1
3.0,0.4233170295182204,1.0,0.3035301081605326,0.02266832872288703,0.022803860739753275,0.8184317207469329,198.0,0.04401852858169586,0.008523635873615173,-0.14277787946734993,1.0,1
3.0,0.5929833811486146,1.0,0.5193000956305625,-0.024865910397023572,0.014523327458258179,0.5929833811486146,144.0,0.04401852858169586,0.008523635873615173,-0.14277787946734993,1.0,1
4.0,0.6078774471184973,0.9605077922672023,0.7535759733041429,0.09366092609179168,0.015306821455674432,0.8767879866520715,50.0,0.04401852858169586,0.008523635873615173,-0.14277787946734993,1.0,1
4.0,0.5292937831622156,0.8858948870750163,0.5585875663244313,-0.0432411569451071,0.014578095342686219,0.7657468027384047,41.0,0.04401852858169586,0.008523635873615173,-0.14277787946734993,1.0,1
4.0,0.5249754087716721,0.9500743628904726,0.6061837799442336,0.20835542240520166,0.0007529094025880101,0.8030918899721167,123.0,0.04401852858169586,0.008523635873615173,-0.14277787946734993,1.0,1
9.0,0.17763184348343905,0.48054314448859203,0.4265776599606105,0.14026328407387414,0.017269798442533166,0.3275056489328998,26.0,0.04401852858169586,0.008523635873615173,-0.14277787946734993,1.0,0
6.0,0.47798731284040913,0.7464335464121756,0.622641292347485,0.10594014990675316,0.01646454623073195,0.8288352409831479,173.0,0.04401852858169586,0.008523635873615173,-0.14277787946734993,1.0,1
7.0,0.33711497374654226,0.7839171527186448,0.7106914482944324,-0.028019307310345853,0.015017230656837037,0.4468021789721025,163.0,0.04401852858169586,0.008523635873615173,-0.14277787946734993,1.0,0
4.0,0.49354825848337047,0.9925297650653035,0.797268936985694,0.062190742744481144,0.029346535776121903,0.8986344684928471,171.0,0.04401852858169586,0.008523635873615173,-0.14277787946734993,1.0,1
6.0,0.2935422925414509,0.7298134706646214,0.45962694132924276,0.024270377671511145,0.018025083973166517,0.41313618078286274,46.0,0.04401852858169586,0.008523635873615173,-0.14277787946734993,1.0,0
7.0,0.35868526753892077,0.9706546273378425,1.084166397532828,0.002055017086961905,0.009423948267932514,0.6142332589225784,15.0,0.04401852858169586,0.008523635873615173,-0.14277787946734993,1.0,1
3.0,0.5587646542428679,1.0,0.548260453602075,0.2035282652768271,0.009238892278102599,0.9407968934677041,117.0,0.04401852858169586,0.008523635873615173,-0.14277787946734993,1.0,1
9.0,0.22503808365207628,0.5834842693897286,0.605905564291207,0.07477762035579066,0.030012163548871786,0.4346988455648066,132.0,0.04401852858169586,0.008523635873615173,-0.14277787946734993,1.0,0
7.0,0.22809535696246888,0.5371640500999237,0.2171852430569902,0.04838261601759677,0.022004604456939036,0.5371640500999237,19.0,0.04401852858169586,0.008523635873615173,-0.14277787946734993,1.0,0
6.0,0.470624287269115,0.8646040208626065,0.8168271845077066,0.0011504976947740893,0.016550607539488667,0.7417469255871866,55.0,0.04401852858169586,0.008523635873615173,-0.14277787946734993,1.0,1
8.0,0.2823360510725172,0.6339346244304584,0.5607910419645316,0.05874212849394956,0.01988968993366479,0.48005267234154125,10.0,0.04401852858169586,0.008523635873615173,-0.14277787946734993,1.0,0
5.0,0.6514512923377799,0.9111226691606364,0.9029025846755597,0.04272171389194528,0.01829442167426209,0.7403286231771435,141.0,0.04401852858169586,0.008523635873615173,-0.14277787946734993,1.0,1
3.0,0.6863950521254752,0.9999999999999999,0.706123437584284,0.05114458397046079,0.007868773027059968,0.8085530940034749,71.0,0.04401852858169586,0.008523635873615173,-0.14277787946734993,1.0,1
3.0,0.8504092823594374,1.0,1.0341518980522082,-0.02577637252044059,0.0029464258290216533,0.8504092823594374,48.0,0.04401852858169586,0.008523635873615173,-0.14277787946734993,1.0,1
4.0,0.5253525037577967,0.9765752229025623,0.5841768823173333,0.006850086564301123,0.0216257572815116,0.7920884411586666,30.0,0.04401852858169586,0.008523635873615173,-0.14277787946734993,1.0,1
3.0,0.882558130476867,1.0,1.0984495942870676,0.27369625345226234,0.0012742364941677816,0.882558130476867,124.0,0.04401852858169586,0.008523635873615173,-0.14277787946734993,1.0,1
6.0,0.3069312895528771,0.8563890966920416,0.7127781933840831,0.12278011776288071,0.011796163993299118,0.3819214698580248,123.0,0.04401852858169586,0.008523635873615173,-0.14277787946734993,1.0,0
5.0,0.6414453208056626,0.8586648779138653,0.8828906416113254,0.17838778463351976,0.022117431186283166,0.6414453208056626,22.0,0.04401852858169586,0.008523635873615173,-0.14277787946734993,1.0,1
5.0,0.6479380136925544,0.8954735079767261,0.895876027385109,0.13933932871402174,0.018503447270911057,0.6859216613618339,148.0,0.04401852858169586,0.008523635873615173,-0.14277787946734993,1.0,1
6.0,0.5248145170710289,0.9034508000403834,0.9467957235178348,-0.0009173738945659551,0.010527651642497993,0.5248145170710289,27.0,0.04401852858169586,0.008523635873615173,-0.14277787946734993,1.0,1
7.0,0.3600972305408553,0.7859695724886957,0.7166604573614924,0.21871818498650103,0.007183940281537829,0.644044514395032,135.0,0.04401852858169586,0.008523635873615173,-0.14277787946734993,1.0,1
9.0,0.2724121190985476,0.6168128970536895,0.5783828817034014,0.09501500836808775,0.016945246467453406,0.4314454002396346,44.0,0.04401852858169586,0.008523635873615173,-0.14277787946734993,1.0,0
8.0,0.38363183044594124,0.6710076939479019,0.6052201441826732,-0.03139179572476314,0.012649478547637469,0.5336178511006455,37.0,0.04401852858169586,0.008523635873615173,-0.14277787946734993,1.0,1
3.0,0.6242549746064923,1.0,0.5818432825463178,0.2302508862513054,0.00907361572201826,0.6242549746064923,150.0,0.04401852858169586,0.008523635873615173,-0.14277787946734993,1.0,1
9.0,0.23202571767978863,0.5901053446566364,0.5152703838290258,0.053008653936947384,0.02703134936889859,0.4429359659548079,109.0,0.04401852858169586,0.008523635873615173,-0.14277787946734993,1.0,0
9.0,0.26947322750217495,0.6095236576688357,0.6531276659726195,0.11230119999386887,0.03297100493142148,0.320393989960759,36.0,0.04401852858169586,0.008523635873615173,-0.14277787946734993,1.0,0
8.0,0.2802980785470954,0.5841752306570673,0.47100057347524893,0.037149259013307206,0.017374365659501234,0.5153748697683368,27.0,0.04401852858169586,0.008523635873615173,-0.14277787946734993,1.0,0
9.0,0.45300966719128133,0.7189567772995525,0.7712468879324385,0.07851313458485921,0.020621831524613186,0.6298171873087259,64.0,0.04401852858169586,0.008523635873615173,-0.14277787946734993,1.0,1
7.0,0.4958101363539204,0.8140984488993976,0.8653218295294435,0.00011669981422826083,0.007013661523790292,0.7310743808392953,18.0,0.04401852858169586,0.008523635873615173,-0.14277787946734993,1.0,1
9.0,0.22397534289424006,0.6240151465147108,0.5889778134465412,0.14280738267857057,0.02265731393742095,0.47339583767589843,198.0,0.04401852858169586,0.008523635873615173,-0.14277787946734993,1.0,0
9.0,0.2805950040605268,0.677787182964176,0.7720063383540308,0.10273281348447888,0.007152122238551748,0.4805014348991469,125.0,0.04401852858169586,0.008523635873615173,-0.14277787946734993,1.0,0
6.0,0.40700268119909644,0.7373977914623548,0.4899025861019901,0.12229374873202939,0.021632619801949096,0.5867165842754019,113.0,0.04401852858169586,0.008523635873615173,-0.14277787946734993,1.0,1
4.0,0.4092908091259016,0.9929998646402807,0.6348573029536899,-0.08327822695615145,0.014824903436549058,0.583709055514379,134.0,0.04401852858169586,0.008523635873615173,-0.14277787946734993,1.0,1
4.0,0.41856591645861035,0.9123964027600562,0.34788176035416796,0.1258332611801335,0.008752273132648185,0.7446250362815264,187.0,0.04401852858169586,0.008523635873615173,-0.14277787946734993,1.0,1
3.0,0.7209948294199103,1.0,0.7753229921731539,0.14291606387763456,0.015047589492482756,0.7209948294199103,119.0,0.04401852858169586,0.008523635873615173,-0.14277787946734993,1.0,1
6.0,0.40860157088946614,0.8059011535894589,0.6746651658575439,-0.02070733654232057,0.00838542993609935,0.7794337974754818,175.0,0.04401852858169586,0.008523635873615173,-0.14277787946734993,1.0,1
8.0,0.3225802387945138,0.7822559774265969,0.8145119548531936,0.024702246317169496,0.021090795415855935,0.4939799641553072,147.0,0.04401852858169586,0.008523635873615173,-0.14277787946734993,1.0,0
5.0,0.3643136070153897,0.8271038926989343,0.5151815307895099,0.09896056313025069,0.01636570082498085,0.5338267343195691,112.0,0.04401852858169586,0.008523635873615173,-0.14277787946734993,1.0,1
4.0,0.5753922873072679,0.9176190276531511,0.6507845746145358,-0.0837533459191806,0.019153155754455704,0.7919280991491136,174.0,0.04401852858169586,0.008523635873615173,-0.14277787946734993,1.0,1
3.0,0.5349702269201316,1.0,0.5456917588778263,0.19682179153373391,0.0022728579073028844,0.5954576808145517,73.0,0.04401852858169586,0.008523635873615173,-0.14277787946734993,1.0,1
7.0,0.5300062635555031,0.8642571676703344,0.9020459269322336,0.2117655565998519,0.0069884162301241904,0.5300062635555031,23.0,0.04401852858169586,0.008523635873615173,-0.14277787946734993,1.0,1
3.0,0.5881224130588777,1.0,0.5283339460256959,0.0877399215770869,0.04451072100301909,0.657288773379363,164.0,0.04401852858169586,0.008523635873615173,-0.14277787946734993,1.0,1
3.0,0.6437528553454609,1.0,0.6208390440242552,-0.10187257677167136,0.017462031574466196,0.6437528553454609,157.0,0.04401852858169586,0.008523635873615173,-0.14277787946734993,1.0,1
8.0,0.29505433546264487,0.6658753035313385,0.658305063362957,0.17722492101481063,0.005803565603647578,0.3708209680686936,159.0,0.04401852858169586,0.008523635873615173,-0.14277787946734993,1.0,0
7.0,0.2662492974401739,0.7084933926210958,0.6467293674056029,0.08576889538193047,0.025933289542761064,0.4422440951809219,96.0,0.04401852858169586,0.008523635873615173,-0.14277787946734993,1.0,0
5.0,0.372842649146021,0.8537176541679181,0.5074353083358362,0.040566264916203285,0.03045573297489424,0.609163832884356,29.0,0.04401852858169586,0.008523635873615173,-0.14277787946734993,1.0,1
3.0,0.49707260372111206,1.0,0.3274785407755574,-0.05860008539907578,0.012171850529629435,0.7949045634788572,51.0,0.04401852858169586,0.008523635873615173,-0.14277787946734993,1.0,1
3.0,0.5099666769930582,1.0,0.4943925079283033,-0.023084543460012902,0.015579774711099174,0.5099666769930582,185.0,0.04401852858169586,0.008523635873615173,-0.14277787946734993,1.0,1
8.0,0.46189758230162964,0.8257546608390018,0.9991941421311364,0.20908941317613544,0.01012965005761903,0.570617301315225,29.0,0.04401852858169586,0.008523635873615173,-0.14277787946734993,1.0,1
4.0,0.5071691372244113,0.9564800072949642,0.8066941456629648,0.05551321053072395,0.013114152020027837,0.560302071687893,148.0,0.04401852858169586,0.008523635873615173,-0.14277787946734993,1.0,1
4.0,0.47619659558545585,0.9524739926561065,0.7595029166851948,0.16046920823725966,0.009240465648030795,0.9272774656864906,174.0,0.04401852858169586,0.008523635873615173,-0.14277787946734993,1.0,1
5.0,0.467985853000075,0.9428017347440527,0.7432149616034274,0.02763902350695622,0.006647386050671625,0.6391801069424141,132.0,0.04401852858169586,0.008523635873615173,-0.14277787946734993,1.0,1
4.0,0.48385079414416327,0.9837843687419485,0.6099520072255946,0.016788023713883028,0.015379569356591356,0.8049760036127973,125.0,0.04401852858169586,0.008523635873615173,-0.14277787946734993,1.0,1
4.0,0.4182819965294721,0.9165508030104554,0.5104508141012307,0.0656033874162523,0.029440161566332213,0.5796073924893123,100.0,0.04401852858169586,0.008523635873615173,-0.14277787946734993,1.0,1
3.0,0.5514304950863983,1.0000000000000002,0.5214084601428548,0.03972421927273026,0.0013789806353308844,0.6240595983483043,179.0,0.04401852858169586,0.008523635873615173,-0.14277787946734993,1.0,1
3.0,0.5675289126358066,1.0,0.5391431963725516,0.055946104544730646,0.03249420991846667,0.6312906477828641,105.0,0.04401852858169586,0.008523635873615173,-0.14277787946734993,1.0,1
3.0,0.6104291719027977,1.0,0.5541916771389287,0.04895891024477483,0.0033301108254527026,0.6104291719027977,180.0,0.04401852858169586,0.008523635873615173,-0.14277787946734993,1.0,1
8.0,0.24100023370856752,0.6343668301946064,0.5187336603892126,0.06897164235898888,0.031091218683364043,0.2973311544860952,30.0,0.04401852858169586,0.008523635873615173,-0.14277787946734993,1.0,0
6.0,0.4422075177377714,0.8219894340106357,0.6617206236655275,-0.024671385482394136,0.010422589704881413,0.6641936451660971,59.0,0.04401852858169586,0.008523635873615173,-0.14277787946734993,1.0,1
5.0,0.4681049004086295,0.8680918257008746,0.731217414000075,0.000940586998026953,0.009622166180123098,0.897516881299163,159.0,0.04401852858169586,0.008523635873615173,-0.14277787946734993,1.0,1
3.0,0.5474882510748427,1.0,0.42830983548301865,-0.08861896811192171,0.0009786376225417398,0.8743319946309991,158.0,0.04401852858169586,0.008523635873615173,-0.14277787946734993,1.0,1
9.0,0.23203788846391207,0.6362734649626388,0.7454998594514695,0.04099817960560581,0.027506240489546623,0.4230743199381809,145.0,0.04401852858169586,0.008523635873615173,-0.14277787946734993,1.0,0
9.0,0.30604889149574,0.7787816985690239,0.8908967304713811,0.0468111140950588,0.01573819479436134,0.38856752963952024,33.0,0.04401852858169586,0.008523635873615173,-0.14277787946734993,1.0,0
4.0,0.45370452964128477,0.9410324689378862,0.6923783550765579,0.1073531262481249,0.006267480220574891,0.5126720607033985,126.0,0.04401852858169586,0.008523635873615173,-0.14277787946734993,1.0,1
8.0,0.3059015852637766,0.6818963153903344,0.621287799613607,-0.029045072563749247,0.011634717173512579,0.3763221211250605,97.0,0.04401852858169586,0.008523635873615173,-0.14277787946734993,1.0,0
3.0,0.5622970104211304,1.0,0.48846643004783485,0.1454892237561145,0.01412129542670892,0.5622970104211304,144.0,0.04401852858169586,0.008523635873615173,-0.14277787946734993,1.0,1
8.0,0.28074540380352625,0.6670954289094941,0.6048530226062191,0.07734141963774008,0.014750056628992961,0.4304538939172274,70.0,0.04401852858169586,0.008523635873615173,-0.14277787946734993,1.0,0
5.0,0.6659903815349278,0.9466003909853764,0.9349961019282563,-0.05790501969682161,0.009549123191895999,0.8674980509641281,83.0,0.04401852858169586,0.008523635873615173,-0.14277787946734993,1.0,1
5.0,0.38146531383546245,0.8730583284088325,0.546116656817665,0.11946756464227061,0.010475792523146437,0.9634193177366192,66.0,0.04401852858169586,0.008523635873615173,-0.14277787946734993,1.0,1
4.0,0.8897655014934059,0.9903816334699949,1.2795310029868117,0.08688238074805665,0.0017977311292916485,0.8897655014934059,33.0,0.04401852858169586,0.008523635873615173,-0.14277787946734993,1.0,1
5.0,0.6890059311759887,0.9095049698350854,0.9780118623519776,0.07792230211341392,0.0027763718601019,0.9081082157802629,142.0,0.04401852858169586,0.008523635873615173,-0.14277787946734993,1.0,1
7.0,0.35738587119682025,0.7737123462281084,0.6902818353133595,0.033060603977556,0.024562239140678843,0.6373025398294158,17.0,0.04401852858169586,0.008523635873615173,-0.14277787946734993,1.0,1
6.0,0.40922126162584155,0.7999352748111119,0.6145180413241556,-0.023838379243622112,0.0071762966006455485,0.7482141969691335,135.0,0.04401852858169586,0.008523635873615173,-0.14277787946734993,1.0,1
8.0,0.3299788556762992,0.6502034530770993,0.5542073323525358,0.11203310594143108,0.020211177882962,0.3631903660376259,124.0,0.04401852858169586,0.008523635873615173,-0.14277787946734993,1.0,0
5.0,0.5098889027362848,0.9267327251410964,0.758068482722785,0.08284018158985737,0.01194739633808108,0.5098889027362848,186.0,0.04401852858169586,0.008523635873615173,-0.14277787946734993,1.0,1
7.0,0.30446320993620013,0.6628426014608287,0.46854234577880066,0.1278552568634264,0.02711447643027556,0.36023557304623677,114.0,0.04401852858169586,0.008523635873615173,-0.14277787946734993,1.0,0
8.0,0.3429357249206417,0.7897170232678339,0.8641917010796508,-0.04989342432333008,0.015299379738196194,0.4505568976486502,16.0,0.04401852858169586,0.008523635873615173,-0.14277787946734993,1.0,0
8.0,0.24588955559116574,0.5881619136411579,0.42750823666242305,0.05884371274951162,0.019528839379025987,0.4265746702712504,102.0,0.04401852858169586,0.008523635873615173,-0.14277787946734993,1.0,0
3.0,0.6169405133955758,1.0,0.5672143601244849,0.0651070997827187,0.0008192950120591168,0.8293610159127888,88.0,0.04401852858169586,0.008523635873615173,-0.14277787946734993,1.0,1
7.0,0.30722313668616824,0.7114662248193322,0.5768255238508188,0.13166966704791389,0.009563014364555835,0.44456231386580536,42.0,0.04401852858169586,0.008523635873615173,-0.14277787946734993,1.0,0
3.0,0.6540484198351504,1.0,0.641430173003634,0.029725375339971574,0.018015544686714083,0.8859327434176087,180.0,0.04401852858169586,0.008523635873615173,-0.14277787946734993,1.0,1
3.0,0.5713528664117568,1.0,0.5719454037893709,0.04630902084297977,0.0009066267145799333,0.5713528664117568,119.0,0.04401852858169586,0.008523635873615173,-0.14277787946734993,1.0,1
4.0,0.6663161984050935,0.9616713123535747,0.832632396810187,0.12309488061428407,0.03546057705461255,0.9616713123535747,146.0,0.04401852858169586,0.008523635873615173,-0.14277787946734993,1.0,1
7.0,0.3577775971014113,0.8037210739133771,0.750299290683897,0.03709422963295065,0.0207998395100467,0.537515338389974,188.0,0.04401852858169586,0.008523635873615173,-0.14277787946734993,1.0,1
9.0,0.30426803058930735,0.7195788249812889,0.8128543532611373,0.16792533158483203,0.009600760077696113,0.454494726088031,134.0,0.04401852858169586,0.008523635873615173,-0.14277787946734993,1.0,0
9.0,0.30726452963224826,0.6728538481896719,0.7483873187844199,-0.010208855504732127,0.010996494224953707,0.47487001953203956,185.0,0.04401852858169586,0.008523635873615173,-0.14277787946734993,1.0,0
3.0,0.4846970384517076,1.0,0.4993877140496714,0.08356012763454794,0.004267497876569209,0.5153029615482924,98.0,0.04401852858169586,0.008523635873615173,-0.14277787946734993,1.0,1
9.0,0.2295444098897239,0.5220420298948771,0.45493798638916716,0.07663345993351767,0.015008858121716411,0.5390892903908282,174.0,0.04401852858169586,0.008523635873615173,-0.14277787946734993,1.0,0
7.0,0.22842449513167903,0.6503294492208588,0.5118321789898116,-0.00673757733109033,0.02871474789386753,0.4331331011426327,71.0,0.04401852858169586,0.008523635873615173,-0.14277787946734993,1.0,0
4.0,0.5047335232721736,0.9500007488860286,0.7301688603098451,0.0072229339189694396,0.003098168818419066,0.5047335232721736,42.0,0.04401852858169586,0.008523635873615173,-0.14277787946734993,1.0,1
5.0,0.6055563231451967,0.9633766419028028,0.9047260403077992,0.03632535758756515,0.018867487275121435,0.617139047265204,10.0,0.04401852858169586,0.008523635873615173,-0.14277787946734993,1.0,1
8.0,0.3121286279111177,0.698781116645018,0.6475622332900359,0.12493472909867213,0.024298343678167664,0.39993549608076406,169.0,0.04401852858169586,0.008523635873615173,-0.14277787946734993,1.0,0
6.0,0.3079485801621475,0.7377511944195685,0.515164987717923,0.1449799998740876,0.006241991033652849,0.344986809314,148.0,0.04401852858169586,0.008523635873615173,-0.14277787946734993,1.0,0
3.0,0.5009328701777197,1.0,0.5494530343752775,-0.13965848076895723,0.00013326691324104005,0.5009328701777197,184.0,0.04401852858169586,0.008523635873615173,-0.14277787946734993,1.0,1
5.0,0.469620005099057,0.9309918113293831,0.738256085607434,0.11200448226082309,0.006160460888180687,0.5386281937696737,46.0,0.04401852858169586,0.008523635873615173,-0.14277787946734993,1.0,1
5.0,0.320939153889088,0.8554512131984007,0.5109024263968012,0.022659109019199226,0.01919287351992703,0.320939153889088,183.0,0.04401852858169586,0.008523635873615173,-0.14277787946734993,1.0,0
9.0,0.29516970554331673,0.6499683385905274,0.633270010514388,0.09205631922881477,0.015070212774620985,0.4815933480164296,47.0,0.04401852858169586,0.008523635873615173,-0.14277787946734993,1.0,0
8.0,0.3403868979982086,0.7585033214704504,0.8289122700278706,-0.005105789197027689,0.0037358189405129337,0.41811642347224176,78.0,0.04401852858169586,0.008523635873615173,-0.14277787946734993,1.0,0
4.0,0.4379034845041338,0.9409523710130208,0.495558489188716,-0.09668534484897562,0.016644988701920733,0.6310766109227965,57.0,0.04401852858169586,0.008523635873615173,-0.14277787946734993,1.0,1
5.0,0.42027210662373193,0.8860780032447095,0.7118249922736558,0.15883502061641874,0.007033214766005095,0.8860780032447094,196.0,0.04401852858169586,0.008523635873615173,-0.14277787946734993,1.0,1
8.0,0.273166299554704,0.7603685254006929,0.8370602099809757,0.02843071255646927,0.03492398854531817,0.40118946615055173,170.0,0.04401852858169586,0.008523635873615173,-0.14277787946734993,1.0,0
5.0,0.4235526214394394,0.9226892907836302,0.7809213615876803,0.034775316565365484,0.025480108122544188,0.5557812314292294,67.0,0.04401852858169586,0.008523635873615173,-0.14277787946734993,1.0,1
9.0,0.2463520978016982,0.5660042738902804,0.5414904559060162,0.13041161693032519,0.017824315734008826,0.39021605717736135,147.0,0.04401852858169586,0.008523635873615173,-0.14277787946734993,1.0,0
3.0,0.4557494721275836,1.0,0.37426111969509135,0.023426537296028407,0.043716386400835874,0.6019522456133712,119.0,0.04401852858169586,0.008523635873615173,-0.14277787946734993,1.0,1
4.0,0.6215948615198368,0.9380121279171367,0.7431897230396736,-0.03995175233644048,0.03231588519897984,0.6215948615198368,108.0,0.04401852858169586,0.008523635873615173,-0.14277787946734993,1.0,1
4.0,0.4825647768443025,0.8759727059408344,0.4651295536886051,0.10869656221324435,0.00413588881706029,0.6402189366468808,66.0,0.04401852858169586,0.008523635873615173,-0.14277787946734993,1.0,1
5.0,0.3336592507234207,0.8221334208475832,0.4459242116390978,0.08334367857079482,0.011231339198311147,0.49217388155955244,105.0,0.04401852858169586,0.008523635873615173,-0.14277787946734993,1.0,0
7.0,0.27677438135298776,0.7324106484361703,0.6347240487583126,-0.0728175852881176,0.019220129021699856,0.4893427438260093,11.0,0.04401852858169586,0.008523635873615173,-0.14277787946734993,1.0,0
4.0,0.37318353715391755,0.9663266447201746,0.4395861598238469,0.030926918192610228,0.005166517204789182,0.9663266447201746,39.0,0.04401852858169586,0.008523635873615173,-0.14277787946734993,1.0,1
8.0,0.21638609336287942,0.5890684521580623,0.5073096938018348,0.12156152541828238,0.023315961377216574,0.4204005708341598,76.0,0.04401852858169586,0.008523635873615173,-0.14277787946734993,1.0,0
8.0,0.21291303244739493,0.6248309542008882,0.5376273417549727,0.028942163126218886,0.021960640033954267,0.49053214634146436,176.0,0.04401852858169586,0.008523635873615173,-0.14277787946734993,1.0,0
8.0,0.2781932250883058,0.6334329380304369,0.5168658760608738,0.11307489842817872,0.0274054754065037,0.49893072937345967,13.0,0.04401852858169586,0.008523635873615173,-0.14277787946734993,1.0,0
3.0,0.6007573567971592,0.9999999999999999,0.534848046927652,-0.024849188955074895,0.01135463092716172,0.6007573567971592,61.0,0.04401852858169586,0.008523635873615173,-0.14277787946734993,1.0,1
8.0,0.31035738535458085,0.7352392339456851,0.7204784678913703,-0.027644044643285674,0.012842440672246918,0.37368902937937065,171.0,0.04401852858169586,0.008523635873615173,-0.14277787946734993,1.0,0
8.0,0.5897660291127002,0.8710789262213319,1.0388567172225325,0.24199473665663604,0.01314351990966325,0.7936263720727066,59.0,0.04401852858169586,0.008523635873615173,-0.14277787946734993,1.0,1
7.0,0.25575722114508126,0.649404492127876,0.44656370809476986,0.027013873502561854,0.016273376511618254,0.4081248580215395,190.0,0.04401852858169586,0.008523635873615173,-0.14277787946734993,1.0,0
5.0,0.42534541050346963,0.8708784527469728,0.5801454678161273,-0.019758836912536708,0.002232934000853817,0.7015849685577389,49.0,0.04401852858169586,0.008523635873615173,-0.14277787946734993,1.0,1
8.0,0.2698624631792706,0.639455659396603,0.5289113187932062,0.01052772452027076,0.02149886500074039,0.4144166717689707,191.0,0.04401852858169586,0.008523635873615173,-0.14277787946734993,1.0,0
5.0,0.36017546630099595,0.7604740195774518,0.3498215366832169,0.08199670068302974,0.0069709514645884835,0.7454600925005951,81.0,0.04401852858169586,0.008523635873615173,-0.14277787946734993,1.0,1
5.0,0.4045244694553299,0.9497044786458211,0.6994089572916422,-0.006539636113143565,0.00999794289655831,0.5451800091904913,34.0,0.04401852858169586,0.008523635873615173,-0.14277787946734993,1.0,1
4.0,0.7202227763394321,0.9519023661592498,0.9404455526788641,0.22613165136635044,0.010878544066863758,0.7683204101801823,23.0,0.04401852858169586,0.008523635873615173,-0.14277787946734993,1.0,1
6.0,0.28276782748153245,0.7632249862118536,0.5264499724237073,0.09809625052334159,0.007032951310067696,0.48901382163725693,157.0,0.04401852858169586,0.008523635873615173,-0.14277787946734993,1.0,0
3.0,0.8227971219221983,1.0,0.9789275771777299,0.21008290630638451,0.010955694822773658,0.8227971219221983,110.0,0.04401852858169586,0.008523635873615173,-0.14277787946734993,1.0,1
5.0,0.41638161711614396,0.8425863226197079,0.6212198509154145,0.17950547107599255,0.002756962583553733,0.8212185542944272,35.0,0.04401852858169586,0.008523635873615173,-0.14277787946734993,1.0,1
3.0,0.9643823621591465,1.0,1.2620980576516263,0.11371798708483048,0.00011568970616162146,0.9955323022084882,114.0,0.04401852858169586,0.008523635873615173,-0.14277787946734993,1.0,1
7.0,0.3941087209188706,0.736496071753624,0.6158492863643907,0.1763179052655778,0.010493600776289651,0.5051138133876183,79.0,0.04401852858169586,0.008523635873615173,-0.14277787946734993,1.0,1
7.0,0.2850586991618978,0.7083309332060357,0.5595190092692144,0.11329180911872347,0.020220868348457377,0.2850586991618978,26.0,0.04401852858169586,0.008523635873615173,-0.14277787946734993,1.0,0
6.0,0.3725725623104566,0.8481839947340954,0.696367989468191,-0.05068186122350105,0.010876132145230186,0.6741851015816032,61.0,0.04401852858169586,0.008523635873615173,-0.14277787946734993,1.0,1
4.0,0.46201516159598743,0.9835638893914384,0.7680317675002789,0.07941417048525325,0.0031783005173213917,0.5615631672372863,65.0,0.04401852858169586,0.008523635873615173,-0.14277787946734993,1.0,1
3.0,0.6704351057360007,1.0,0.6742035448053347,0.10012825017580618,0.01011396782131746,0.6704351057360007,160.0,0.04401852858169586,0.008523635873615173,-0.14277787946734993,1.0,1
8.0,0.21466056145153087,0.594288808642085,0.5159256643126211,0.16093451666458575,0.01445062887521155,0.545497238811284,16.0,0.04401852858169586,0.008523635873615173,-0.14277787946734993,1.0,0
4.0,0.5346966186897562,0.8966735240103043,0.5693932373795124,0.1671034364261667,0.0023617225475528396,0.5346966186897562,77.0,0.04401852858169586,0.008523635873615173,-0.14277787946734993,1.0,1
3.0,0.5790379875950569,1.0,0.49140930852344694,0.2134873713238112,0.020144152276479553,0.8118169092776009,38.0,0.04401852858169586,0.008523635873615173,-0.14277787946734993,1.0,1
9.0,0.2383268099766725,0.5926808664420788,0.5254207262676143,0.08244127025418731,0.015784169881656745,0.46882799760157906,170.0,0.04401852858169586,0.008523635873615173,-0.14277787946734993,1.0,0
3.0,0.6675531911278392,1.0,0.6684397155890116,0.04690886030497206,0.00286505694246346,0.6675531911278392,29.0,0.04401852858169586,0.008523635873615173,-0.14277787946734993,1.0,1
3.0,0.6608812619620286,0.9999999999999999,0.6550958572573906,0.15848266942916292,0.01042820286022659,0.6801908491015821,21.0,0.04401852858169586,0.008523635873615173,-0.14277787946734993,1.0,1
7.0,0.2347736687019874,0.6633054842630166,0.47068326324903065,0.03082366322309883,0.027504109194938675,0.4300997559931117,98.0,0.04401852858169586,0.008523635873615173,-0.14277787946734993,1.0,0
8.0,0.2573174074928021,0.6846452733986753,0.6740513991895176,0.011424477511954512,0.02486199416728283,0.4592594950191896,105.0,0.04401852858169586,0.008523635873615173,-0.14277787946734993,1.0,0
7.0,0.4739369904653953,0.8766068356897339,0.8960708142366105,-0.07393456944042251,0.0021177099227872127,0.6253701290935838,138.0,0.04401852858169586,0.008523635873615173,-0.14277787946734993,1.0,1
9.0,0.3161643051441855,0.7808612311552774,0.9098070518251665,0.07801590068565704,0.02634731178525761,0.4018019119532518,74.0,0.04401852858169586,0.008523635873615173,-0.14277787946734993,1.0,0
6.0,0.34054824827866004,0.7128522242778936,0.42570444855578726,0.01737966956237026,0.016632277460215023,0.4328282029443885,64.0,0.04401852858169586,0.008523635873615173,-0.14277787946734993,1.0,0
7.0,0.38857429664527143,0.8322968781264897,0.8787252190751661,0.11509019965319535,0.006699195230299242,0.8322968781264897,82.0,0.04401852858169586,0.008523635873615173,-0.14277787946734993,1.0,1
3.0,0.7274882722123174,1.0,0.788309877757968,0.15697676538753688,0.020317669130970255,0.7274882722123174,69.0,0.04401852858169586,0.008523635873615173,-0.14277787946734993,1.0,1
7.0,0.24648684072823146,0.6668313342492942,0.47651981135573107,0.06951833088845727,0.0025274515190560542,0.4216452188032589,150.0,0.04401852858169586,0.008523635873615173,-0.14277787946734993,1.0,0
5.0,0.38365034655364455,0.7982588381863069,0.45687398741613233,0.11095325236702921,0.028877723079610243,0.6191004972336706,184.0,0.04401852858169586,0.008523635873615173,-0.14277787946734993,1.0,1
3.0,0.5224810904751529,1.0,0.5782277704920477,0.1884376164139014,0.0068722384735039575,0.5667005385624624,193.0,0.04401852858169586,0.008523635873615173,-0.14277787946734993,1.0,1
8.0,0.2555637428531199,0.5563514841309154,0.36270296826183074,0.11942489304956286,0.005489458859299882,0.5258492068617733,83.0,0.04401852858169586,0.008523635873615173,-0.14277787946734993,1.0,0
3.0,0.7290660252619706,1.0,0.7914653838572745,0.006855267501591506,0.0008174911339979399,0.7466284177989919,69.0,0.04401852858169586,0.008523635873615173,-0.14277787946734993,1.0,1
7.0,0.4604830317954545,0.8353641768162081,0.813585496489559,0.1615952613297341,0.0019652606552865866,0.6779746250237324,50.0,0.04401852858169586,0.008523635873615173,-0.14277787946734993,1.0,1
7.0,0.4563377513306055,0.7325341840329755,0.6474791812520106,0.10163732432342354,0.03556227975288873,0.5794180590232899,121.0,0.04401852858169586,0.008523635873615173,-0.14277787946734993,1.0,1
4.0,0.5542133590057611,0.9418664540948194,0.7461987010260304,-0.041874340799419346,0.009551219216053283,0.8730993505130151,143.0,0.04401852858169586,0.008523635873615173,-0.14277787946734993,1.0,1
5.0,0.4667479249180308,0.8460605333500406,0.710335443977095,0.10829356911814089,0.010455030248575194,0.8460605333500406,187.0,0.04401852858169586,0.008523635873615173,-0.14277787946734993,1.0,1
3.0,0.9616062665829129,1.0,1.2565458664991591,0.06323031428170159,0.00030070991621319843,0.9743800828460887,23.0,0.04401852858169586,0.008523635873615173,-0.14277787946734993,1.0,1
4.0,0.3407893993828106,0.8557468740433457,0.2339744498213692,0.0009094378175456413,0.03409967890763474,0.4204509514845281,46.0,0.04401852858169586,0.008523635873615173,-0.14277787946734993,1.0,0
9.0,0.22472228753016787,0.6176003455798275,0.6807989979064826,0.052898774142758766,0.02380685382441857,0.4689091902165023,74.0,0.04401852858169586,0.008523635873615173,-0.14277787946734993,1.0,0
7.0,0.3568031613055204,0.7174865711437717,0.577830285144686,0.02649900501933823,0.020940960630656365,0.5539302093216574,28.0,0.04401852858169586,0.008523635873615173,-0.14277787946734993,1.0,1
3.0,0.7330758312137512,1.0,0.7994849957608356,-0.0014078814475575983,0.005740848430453104,0.7330758312137512,131.0,0.04401852858169586,0.008523635873615173,-0.14277787946734993,1.0,1
8.0,0.23372524435557618,0.6258018540316125,0.5844686958500058,0.11104463763804259,0.014256041002341551,0.45482310966407963,17.0,0.04401852858169586,0.008523635873615173,-0.14277787946734993,1.0,0
3.0,0.5441860317953072,1.0,0.5041849198901094,-0.04161822835099102,0.017599325706744058,0.5441860317953072,89.0,0.04401852858169586,0.008523635873615173,-0.14277787946734993,1.0,1
3.0,0.968275303462601,1.0,1.2698839402585356,0.21622613036790542,0.0020223285637531487,0.968275303462601,163.0,0.04401852858169586,0.008523635873615173,-0.14277787946734993,1.0,1
6.0,0.33944569006108766,0.6988254443253559,0.39765088865071163,0.05437679944415681,0.014546995879466288,0.47134606438237736,181.0,0.04401852858169586,0.008523635873615173,-0.14277787946734993,1.0,0
4.0,0.49757272607029523,0.9179187736103775,0.5901393745587862,0.06271450813620724,0.009018502729246458,0.7950696872793931,181.0,0.04401852858169586,0.008523635873615173,-0.14277787946734993,1.0,1
5.0,0.5507373261271895,0.8400593913860335,0.7014746522543791,-0.04389723865858429,0.0030028623857322793,0.7644749317855025,17.0,0.04401852858169586,0.008523635873615173,-0.14277787946734993,1.0,1
8.0,0.30339028331678836,0.6246795379693044,0.5091479082924181,0.07551942117647772,0.017324173873937813,0.4436422359123615,63.0,0.04401852858169586,0.008523635873615173,-0.14277787946734993,1.0,0
3.0,0.5985949005043456,1.0,0.5305231343420245,0.2008047860967418,0.00837246255741742,0.5985949005043456,30.0,0.04401852858169586,0.008523635873615173,-0.14277787946734993,1.0,1
5.0,0.47784956441904186,0.9253078687244989,0.7838520904436483,0.0001975125412603581,0.0041179788238616555,0.5055329297936482,88.0,0.04401852858169586,0.008523635873615173,-0.14277787946734993,1.0,1
7.0,0.3901135442605851,0.8305168716440174,0.8038908861451777,0.006426421717140387,0.00815040987537239,0.624831675364339,40.0,0.04401852858169586,0.008523635873615173,-0.14277787946734993,1.0,1
4.0,0.5857339736488048,0.876068016436288,0.6714679472976095,0.2900945369409127,0.0002187527873361167,0.7096659572125168,142.0,0.04401852858169586,0.008523635873615173,-0.14277787946734993,1.0,1
3.0,0.4501803726506815,1.0,0.40696057114296696,0.20078508666660577,0.0010713504610023192,1.0000000000000002,14.0,0.04401852858169586,0.008523635873615173,-0.14277787946734993,1.0,1
6.0,0.3571941980309725,0.8819065294143329,0.7638130588286657,0.15565396697320352,0.010715459974187668,0.5673813732677849,190.0,0.04401852858169586,0.008523635873615173,-0.14277787946734993,1.0,1
7.0,0.294260706343965,0.644061961497824,0.4729767394868193,0.11024719959302129,0.0062078689807300545,0.48634376517198397,34.0,0.04401852858169586,0.008523635873615173,-0.14277787946734993,1.0,0
4.0,0.6983931619056802,0.932340441855445,0.8967863238113606,0.1371132814241477,0.01651093134854719,0.8478641040384844,43.0,0.04401852858169586,0.008523635873615173,-0.14277787946734993,1.0,1
6.0,0.2996187703963695,0.7500523900720836,0.5001047801441669,0.05267502748645095,0.028879367822855505,0.43413611875702307,180.0,0.04401852858169586,0.008523635873615173,-0.14277787946734993,1.0,0
7.0,0.46675867056559095,0.8348752968697221,0.8126077365965867,0.04441681436936018,0.0164223531173775,0.6642603048352036,38.0,0.04401852858169586,0.008523635873615173,-0.14277787946734993,1.0,1
5.0,0.5544814052384642,0.8946830255738488,0.7412716237895247,0.12977221726271437,0.005226962456866156,0.6953801590644302,54.0,0.04401852858169586,0.008523635873615173,-0.14277787946734993,1.0,1
9.0,0.2701999011092975,0.6372628816732263,0.6417297202787325,0.04742231583830917,0.022080360886125274,0.4951094034745132,65.0,0.04401852858169586,0.008523635873615173,-0.14277787946734993,1.0,0
7.0,0.27634119687467174,0.627753749890519,0.4081134435375604,0.13705638781532342,0.008462073222157822,0.32026756758005454,64.0,0.04401852858169586,0.008523635873615173,-0.14277787946734993,1.0,0
9.0,0.26024544383519055,0.6468485337409022,0.6404129041821427,0.09928880222432011,0.01024347593137408,0.3723078167685078,42.0,0.04401852858169586,0.008523635873615173,-0.14277787946734993,1.0,0
9.0,0.24024484706684415,0.5740125649894621,0.567991983141145,0.1694784862147835,0.010678592980951867,0.4854253434238596,157.0,0.04401852858169586,0.008523635873615173,-0.14277787946734993,1.0,0
4.0,0.6705257815516218,0.9767971660717428,0.8410515631032436,0.0915802489695467,0.015107723267815457,0.8104410882325619,182.0,0.04401852858169586,0.008523635873615173,-0.14277787946734993,1.0,1
5.0,0.49969240355278277,0.9375023377856725,0.6750046755713448,0.09494590750096732,0.011017068398245535,0.5342040316780394,90.0,0.04401852858169586,0.008523635873615173,-0.14277787946734993,1.0,1
5.0,0.4491003849166171,0.8422442285991955,0.7102114928396392,-0.03595443885039964,0.018406178632328726,0.5362388670959929,25.0,0.04401852858169586,0.008523635873615173,-0.14277787946734993,1.0,1
9.0,0.27975791729147714,0.6562493596129536,0.7403162935880963,0.09437961413639917,0.013299646138223991,0.39767183885135937,57.0,0.04401852858169586,0.008523635873615173,-0.14277787946734993,1.0,0
3.0,0.7459225597716481,1.0,0.8251784528766295,-0.07411168336558577,0.0009149899864508732,0.9697052067650794,107.0,0.04401852858169586,0.008523635873615173,-0.14277787946734993,1.0,1
9.0,0.2693203637985244,0.5540696499651317,0.5073412133167056,0.12311430843888102,0.017992403298192603,0.5363976111456565,30.0,0.04401852858169586,0.008523635873615173,-0.14277787946734993,1.0,0
8.0,0.43046328786588595,0.8890207725596416,1.0280415451192835,0.16066492134316854,0.02138190452944333,0.7332817074390607,149.0,0.04401852858169586,0.008523635873615173,-0.14277787946734993,1.0,1
3.0,0.45300833146701713,1.0,0.23934999626736755,-0.034801180273953555,0.0033662033781124067,1.0,159.0,0.04401852858169586,0.008523635873615173,-0.14277787946734993,1.0,1
8.0,0.26906324804495135,0.707063933874521,0.6641278677490422,0.10128679648559957,0.005946180749187434,0.4813574781121994,89.0,0.04401852858169586,0.008523635873615173,-0.14277787946734993,1.0,0
7.0,0.26884435112900584,0.6663581199239201,0.475573382704983,0.028370834356928294,0.019304243222044257,0.3068928630240518,169.0,0.04401852858169586,0.008523635873615173,-0.14277787946734993,1.0,0
7.0,0.2653527977773517,0.6195373475822885,0.38193183802171987,0.028146821477306495,0.029060195318650554,0.41722908493587435,34.0,0.04401852858169586,0.008523635873615173,-0.14277787946734993,1.0,0
8.0,0.24008993410789195,0.5731651465777583,0.4245389561745789,-0.005691464323547748,0.013694868460914958,0.5588273540722591,142.0,0.04401852858169586,0.008523635873615173,-0.14277787946734993,1.0,0
3.0,0.8507960060853496,1.0,1.0349253455040324,-0.015284663868342482,0.006762536174353335,0.9653230592327391,183.0,0.04401852858169586,0.008523635873615173,-0.14277787946734993,1.0,1
8.0,0.4605474151783703,0.7752544387216894,0.8005088774433787,0.09394869148864264,0.006653451564128988,0.678893451589019,113.0,0.04401852858169586,0.008523635873615173,-0.14277787946734993,1.0,1
9.0,0.19123150727118812,0.5649584074969556,0.5797068598632387,0.07555553222362413,0.02514287634514134,0.4713114800946673,92.0,0.04401852858169586,0.008523635873615173,-0.14277787946734993,1.0,0
6.0,0.43515652022053525,0.838687542922893,0.6773750858457859,0.1972956096871004,0.012344859168538226,0.7354988952273522,135.0,0.04401852858169586,0.008523635873615173,-0.14277787946734993,1.0,1
4.0,0.7712615686533686,0.9638770407249952,1.0425231373067372,0.21069934682094396,0.009565181643648099,0.8535119120181264,179.0,0.04401852858169586,0.008523635873615173,-0.14277787946734993,1.0,1
3.0,0.5369462931592601,1.0,0.4072259196518535,0.13382766263117962,0.01732002813678372,0.5369462931592601,27.0,0.04401852858169586,0.008523635873615173,-0.14277787946734993,1.0,1
3.0,0.7719486110762349,1.0,0.8772305554858032,0.14956732425417546,0.002568509104379545,0.7719486110762349,84.0,0.04401852858169586,0.008523635873615173,-0.14277787946734993,1.0,1
8.0,0.2683461890867414,0.5933574987848083,0.4367149975696165,0.06071839571483198,0.01032132281039568,0.4534930507518043,73.0,0.04401852858169586,0.008523635873615173,-0.14277787946734993,1.0,0
7.0,0.509998231776518,0.7797969284939806,0.7448803153627649,-0.07692946635933294,0.02848509136180889,0.6581544433956682,119.0,0.04401852858169586,0.008523635873615173,-0.14277787946734993,1.0,1
7.0,0.4356571166579299,0.7936006497462906,0.8210409111814961,0.18667251076814506,0.01206054521623583,0.5146376405860489,189.0,0.04401852858169586,0.008523635873615173,-0.14277787946734993,1.0,1
6.0,0.34125004651953594,0.8678120237344361,0.7356240474688723,0.1293285298286973,0.017695622672112693,0.34125004651953594,18.0,0.04401852858169586,0.008523635873615173,-0.14277787946734993,1.0,0
8.0,0.4110814117304539,0.6952647402426997,0.6445794148746535,0.09691235037638737,0.02951241035634275,0.7264901554212445,81.0,0.04401852858169586,0.008523635873615173,-0.14277787946734993,1.0,1
4.0,0.6730932750021563,0.9216591786489489,0.8461865500043126,-0.019796692867530927,0.012065071545674495,0.7514340963532076,111.0,0.04401852858169586,0.008523635873615173,-0.14277787946734993,1.0,1
7.0,0.42457120096084744,0.796511211048189,0.8526951902140467,0.03901840637268165,0.01885402280623194,0.5000782708393854,127.0,0.04401852858169586,0.008523635873615173,-0.14277787946734993,1.0,1
6.0,0.25285175651609987,0.7172677616619456,0.43453552332389134,0.022238637131009424,0.032259302269788216,0.27884876605135356,64.0,0.04401852858169586,0.008523635873615173,-0.14277787946734993,1.0,0
9.0,0.327008812123609,0.7488336171931046,0.8310005677195423,0.2191726579285079,0.004124733137894324,0.46382709810879647,11.0,0.04401852858169586,0.008523635873615173,-0.14277787946734993,1.0,0
3.0,0.8047165103059191,1.0,0.9427663539451714,0.018975193816625126,0.003717353273199864,0.8180234227426672,159.0,0.04401852858169586,0.008523635873615173,-0.14277787946734993,1.0,1
9.0,0.2880676227133623,0.7023124896947444,0.7622385971159682,0.10273609141614617,0.03372497698053685,0.4355531080711919,40.0,0.04401852858169586,0.008523635873615173,-0.14277787946734993,1.0,0
4.0,0.5472691788035596,0.9223332605416525,0.6466195229644452,0.12894820910717816,0.016848574877907127,0.5472691788035596,120.0,0.04401852858169586,0.008523635873615173,-0.14277787946734993,1.0,1
9.0,0.25333192016259554,0.5959958628028046,0.5716596227237171,-0.08116679536440709,0.009747877262185466,0.4426322963460768,107.0,0.04401852858169586,0.008523635873615173,-0.14277787946734993,1.0,0
3.0,0.8022729525057017,0.9999999999999999,0.9378792383447369,0.2757373919086834,0.0009643619330133545,0.8022729525057017,106.0,0.04401852858169586,0.008523635873615173,-0.14277787946734993,1.0,1
8.0,0.2566994522934558,0.7399055879446237,0.7298111758892474,0.011806152484465478,0.009623095711340318,0.3373000405443861,123.0,0.04401852858169586,0.008523635873615173,-0.14277787946734993,1.0,0
3.0,0.5330586636174686,1.0,0.39945066056827044,-0.09099300220882955,0.008573083677958818,0.6988711935778772,91.0,0.04401852858169586,0.008523635873615173,-0.14277787946734993,1.0,1
6.0,0.41907902227427385,0.8000566531769799,0.6001133063539597,0.1450057053889805,0.023610969531350473,0.5438970098940307,188.0,0.04401852858169586,0.008523635873615173,-0.14277787946734993,1.0,1
4.0,0.4354823274081241,0.9653962310004854,0.44438620046089555,-0.02037993824011004,0.02948569897449247,0.7567968692299623,122.0,0.04401852858169586,0.008523635873615173,-0.14277787946734993,1.0,1
3.0,0.5585976388925886,0.9999999999999999,0.45052861111851067,0.1412335988305925,0.004753331204666534,0.5585976388925886,77.0,0.04401852858169586,0.008523635873615173,-0.14277787946734993,1.0,1
8.0,0.5041987224544918,0.8587404243231,1.0552634713732298,0.01135038881295896,0.02525522099247497,0.5212249998704552,58.0,0.04401852858169586,0.008523635873615173,-0.14277787946734993,1.0,1
4.0,0.5018991006460974,0.9126859413481125,0.503798201292195,0.1064136538708989,0.02962377912862038,0.7377977501164481,72.0,0.04401852858169586,0.008523635873615173,-0.14277787946734993,1.0,1
4.0,0.5064487642327292,0.8575207817839341,0.5128975284654583,0.14857040523873258,0.015250594453191725,0.5064487642327292,82.0,0.04401852858169586,0.008523635873615173,-0.14277787946734993,1.0,1
5.0,0.36514259710236713,0.9287903982036014,0.6575807964072027,0.14693407893107321,0.016797831553833253,0.6410314364333065,149.0,0.04401852858169586,0.008523635873615173,-0.14277787946734993,1.0,1
6.0,0.3396335274266854,0.8414133156633414,0.6828266313266829,-0.007789660778012214,0.002851424405749598,0.35285199911080445,20.0,0.04401852858169586,0.008523635873615173,-0.14277787946734993,1.0,0
6.0,0.3836496885682101,0.902668479304928,0.8161828613108696,0.22483781786151236,0.003104069742299525,0.519018790736718,190.0,0.04401852858169586,0.008523635873615173,-0.14277787946734993,1.0,1
8.0,0.3477498712884379,0.7461635879922901,0.7423271759845802,0.1839781517226245,0.018367815377568784,0.36816804915646717,170.0,0.04401852858169586,0.008523635873615173,-0.14277787946734993,1.0,0
6.0,0.22874801853409507,0.671141501676103,0.41183276196626695,0.012147233907867254,0.019780777902190027,0.4563030493168029,38.0,0.04401852858169586,0.008523635873615173,-0.14277787946734993,1.0,0
9.0,0.2007461991835011,0.5091209190374719,0.4151561856208946,0.0539525791336784,0.014608190851906885,0.35350745901807307,110.0,0.04401852858169586,0.008523635873615173,-0.14277787946734993,1.0,0
4.0,0.3979383021999743,0.8988708161843658,0.547145192526965,0.06179165779708332,0.04753789778361061,0.7735725962634825,57.0,0.04401852858169586,0.008523635873615173,-0.14277787946734993,1.0,1
3.0,0.7962779743611353,1.0,0.925889282055604,0.09525946472113883,0.0026422931707146334,0.7962779743611353,185.0,0.04401852858169586,0.008523635873615173,-0.14277787946734993,1.0,1
8.0,0.31023837388633185,0.7014359055777517,0.6528718111555033,0.046303081212655285,0.024653447775670224,0.3679427560194151,140.0,0.04401852858169586,0.008523635873615173,-0.14277787946734993,1.0,0
8.0,0.39292246317045926,0.7354766045987078,0.7209532091974157,0.00429790551843667,0.00601350923191136,0.5071824593722065,149.0,0.04401852858169586,0.008523635873615173,-0.14277787946734993,1.0,1
8.0,0.45459226711271783,0.7235801057876641,0.697160211575328,0.06687347599286639,0.01034716063841855,0.7421510916374762,15.0,0.04401852858169586,0.008523635873615173,-0.14277787946734993,1.0,1
6.0,0.32018218164448664,0.7513119496654797,0.5182494339213348,-0.020972444304233485,0.017434516367965825,0.49466161560634103,26.0,0.04401852858169586,0.008523635873615173,-0.14277787946734993,1.0,0
3.0,0.5645610629088462,1.0,0.47533788779779895,-0.0943287862239932,0.006925312020514078,0.5645610629088462,41.0,0.04401852858169586,0.008523635873615173,-0.14277787946734993,1.0,1
4.0,0.6353776150726537,0.955682901877463,0.8011324610260104,0.22569863325480424,0.003387926880342768,0.6353776150726537,81.0,0.04401852858169586,0.008523635873615173,-0.14277787946734993,1.0,1
3.0,0.5455803998543957,1.0,0.4244941330421247,0.20572429878026183,0.005035269449282558,0.5455803998543957,35.0,0.04401852858169586,0.008523635873615173,-0.14277787946734993,1.0,1
6.0,0.3186393742047553,0.7393526655134769,0.4787053310269537,-0.0060383354336689225,0.013170019573322521,0.3765229460151118,64.0,0.04401852858169586,0.008523635873615173,-0.14277787946734993,1.0,0
8.0,0.2226313757431652,0.5603609383653463,0.4201814854872241,0.04763985438753961,0.013196626049172011,0.3584976562595278,39.0,0.04401852858169586,0.008523635873615173,-0.14277787946734993,1.0,0
5.0,0.5315083204959703,0.7989518591554323,0.6630166409919406,0.22325707634307418,0.012500546873028894,0.9109310235452357,110.0,0.04401852858169586,0.008523635873615173,-0.14277787946734993,1.0,1
3.0,0.5299771086969539,1.0,0.5062725786381096,0.12715264498496806,0.030050376509371743,0.5299771086969539,133.0,0.04401852858169586,0.008523635873615173,-0.14277787946734993,1.0,1
7.0,0.2078574674324923,0.6005810948077659,0.36332721084952413,-0.02394339495242301,0.01658430767483601,0.38960096321563087,64.0,0.04401852858169586,0.008523635873615173,-0.14277787946734993,1.0,0
8.0,0.37925767646502956,0.791226050726333,0.9089270464030501,-0.0726005107270622,0.01151664755473189,0.8743515141402256,95.0,0.04401852858169586,0.008523635873615173,-0.14277787946734993,1.0,1
3.0,0.5701174245807041,1.0,0.47356818249474164,0.10942716841977235,0.03155739171236659,0.8745443299838853,165.0,0.04401852858169586,0.008523635873615173,-0.14277787946734993,1.0,1
3.0,0.4404636872798811,1.0,0.3271735719350245,0.10417845559198706,0.021335414204559967,0.8302534526341789,161.0,0.04401852858169586,0.008523635873615173,-0.14277787946734993,1.0,1
8.0,0.2616308275288675,0.6492319577531496,0.5960028403653819,0.13351384152122636,0.003908922579508115,0.3642195071094602,183.0,0.04401852858169586,0.008523635873615173,-0.14277787946734993,1.0,0
7.0,0.3137391190155555,0.6869464514807921,0.5573023729361797,0.15521759710260266,0.008771507416930703,0.3931304558748122,130.0,0.04401852858169586,0.008523635873615173,-0.14277787946734993,1.0,0
4.0,0.6607941921232505,0.919013530750769,0.8215883842465009,0.21585500131869229,0.018016124693835282,0.8011293436484942,197.0,0.04401852858169586,0.008523635873615173,-0.14277787946734993,1.0,1
3.0,0.9408192149046601,1.0,1.2149717631426538,-0.0030748146841413533,0.002065827949157474,0.9408192149046601,65.0,0.04401852858169586,0.008523635873615173,-0.14277787946734993,1.0,1
8.0,0.29469661777927353,0.6916254996720039,0.6332509993440076,-0.028401928078198895,0.015747883426134687,0.3602467092655287,110.0,0.04401852858169586,0.008523635873615173,-0.14277787946734993,1.0,0
9.0,0.34956311419502334,0.722048758057575,0.8002034983837589,0.11111027429840666,0.030646341351686264,0.3897607618183837,81.0,0.04401852858169586,0.008523635873615173,-0.14277787946734993,1.0,0
8.0,0.254797541059044,0.7062391317332124,0.6624782634664247,0.10038713384763559,0.015426322064554002,0.34290023756992666,21.0,0.04401852858169586,0.008523635873615173,-0.14277787946734993,1.0,0
5.0,0.5337582273874295,0.9281165364056463,0.957012554863738,0.19335831217777302,0.006732285660585679,0.5337582273874295,177.0,0.04401852858169586,0.008523635873615173,-0.14277787946734993,1.0,1
